Workbook
Name TaskTypesList: 'Task Type Lookups'!$A$2:$A$39

Sheet Sheet1
A1: Name: | B1: Pat | E1: Time Worked: | F1: =SUMIFS($D$4:$D$44,$E$4:$E$44,"<>Lunch Break",$E$4:$E$44,"<>Time out (E.g. coffee/bathroom break)") -> 0
A2: Date: | B2: 21/9/26
A3: Time Started | B3: Time Finished | C3: Units | D3: Duration | E3: Task Type | F3: Description | G3: Task Type Explanatory Notes
A4: 0.36805556 | B4: =IF(OR(A4="",C4=""),"",A4+C4*TIME(0,6,0)) -> 0.40972222 | C4: 10 | D4: =IF(C4="","",C4*TIME(0,6,0)) -> 0.041666667 | E4: Lunch Break | G4: =IFERROR(VLOOKUP(E4,'Task Type Lookups'!$A$2:$B$39,2,FALSE),"") -> 0
A5: =IF(B4="","",B4) -> 0.40972222 | B5: =IF(OR(A5="",C5=""),"",A5+C5*TIME(0,6,0)) -> 0.41805556 | C5: 2 | D5: =IF(C5="","",C5*TIME(0,6,0)) -> 0.0083333333 | E5: Lunch Break | G5: =IFERROR(VLOOKUP(E5,'Task Type Lookups'!$A$2:$B$39,2,FALSE),"") -> 0
A6: =IF(B5="","",B5) -> 0.41805556 | B6: =IF(OR(A6="",C6=""),"",A6+C6*TIME(0,6,0)) | D6: =IF(C6="","",C6*TIME(0,6,0)) | G6: =IFERROR(VLOOKUP(E6,'Task Type Lookups'!$A$2:$B$39,2,FALSE),"")
A7: =IF(B6="","",B6) | B7: =IF(OR(A7="",C7=""),"",A7+C7*TIME(0,6,0)) | D7: =IF(C7="","",C7*TIME(0,6,0)) | G7: =IFERROR(VLOOKUP(E7,'Task Type Lookups'!$A$2:$B$39,2,FALSE),"")
A8: =IF(B7="","",B7) | B8: =IF(OR(A8="",C8=""),"",A8+C8*TIME(0,6,0)) | D8: =IF(C8="","",C8*TIME(0,6,0)) | G8: =IFERROR(VLOOKUP(E8,'Task Type Lookups'!$A$2:$B$39,2,FALSE),"")
A9: =IF(B8="","",B8) | B9: =IF(OR(A9="",C9=""),"",A9+C9*TIME(0,6,0)) | D9: =IF(C9="","",C9*TIME(0,6,0)) | G9: =IFERROR(VLOOKUP(E9,'Task Type Lookups'!$A$2:$B$39,2,FALSE),"")
A10: =IF(B9="","",B9) | B10: =IF(OR(A10="",C10=""),"",A10+C10*TIME(0,6,0)) | D10: =IF(C10="","",C10*TIME(0,6,0)) | G10: =IFERROR(VLOOKUP(E10,'Task Type Lookups'!$A$2:$B$39,2,FALSE),"")
A11: =IF(B10="","",B10) | B11: =IF(OR(A11="",C11=""),"",A11+C11*TIME(0,6,0)) | D11: =IF(C11="","",C11*TIME(0,6,0)) | G11: =IFERROR(VLOOKUP(E11,'Task Type Lookups'!$A$2:$B$39,2,FALSE),"")
A12: =IF(B11="","",B11) | B12: =IF(OR(A12="",C12=""),"",A12+C12*TIME(0,6,0)) | D12: =IF(C12="","",C12*TIME(0,6,0)) | G12: =IFERROR(VLOOKUP(E12,'Task Type Lookups'!$A$2:$B$39,2,FALSE),"")
A13: =IF(B12="","",B12) | B13: =IF(OR(A13="",C13=""),"",A13+C13*TIME(0,6,0)) | D13: =IF(C13="","",C13*TIME(0,6,0)) | G13: =IFERROR(VLOOKUP(E13,'Task Type Lookups'!$A$2:$B$39,2,FALSE),"")
A14: =IF(B13="","",B13) | B14: =IF(OR(A14="",C14=""),"",A14+C14*TIME(0,6,0)) | D14: =IF(C14="","",C14*TIME(0,6,0)) | G14: =IFERROR(VLOOKUP(E14,'Task Type Lookups'!$A$2:$B$39,2,FALSE),"")
A15: =IF(B14="","",B14) | B15: =IF(OR(A15="",C15=""),"",A15+C15*TIME(0,6,0)) | D15: =IF(C15="","",C15*TIME(0,6,0)) | G15: =IFERROR(VLOOKUP(E15,'Task Type Lookups'!$A$2:$B$39,2,FALSE),"")
A16: =IF(B15="","",B15) | B16: =IF(OR(A16="",C16=""),"",A16+C16*TIME(0,6,0)) | D16: =IF(C16="","",C16*TIME(0,6,0)) | G16: =IFERROR(VLOOKUP(E16,'Task Type Lookups'!$A$2:$B$39,2,FALSE),"")
A17: =IF(B16="","",B16) | B17: =IF(OR(A17="",C17=""),"",A17+C17*TIME(0,6,0)) | D17: =IF(C17="","",C17*TIME(0,6,0)) | G17: =IFERROR(VLOOKUP(E17,'Task Type Lookups'!$A$2:$B$39,2,FALSE),"")
... A45: =IF(B44="","",B44) | B45: =IF(OR(A45="",C45=""),"",A45+C45*TIME(0,6,0)) | D45: =IF(C45="","",C45*TIME(0,6,0)) | G45: =IFERROR(VLOOKUP(E45,'Task Type Lookups'!$A$2:$B$39,2,FALSE),"")

Sheet Task Type Lookups
A1: Task Type | B1: Explanatory Notes
A2: Actioning Brief Filing
A3: Actioning faxes
A4: Actioning Mail
A5: Actioning Misc/Coro Filing
A6: Actioning voicemails
A7: Booking/costing a courier
A8: Brief to Counsel
A9: Clearing holding trays
A10: Client Support Task
A11: Collecting Filing/Brief Filing
A12: Collecting/Actioning Scanning
A13: Court Run
... A19: Emptying/Putting items into Satchel
A20: File Closures | B20: For file closures, ensure to write how many files you closed in the description for that period
A21: GA phone call (outgoing) | B21: For calls, explain nature of call (e.g. PNC, obtaining verbal authority, obtain info to open a file etc.)
A22: GA phone call (overflow) | B22: For calls, explain nature of call (e.g. PNC, obtaining verbal authority, obtain info to open a file etc.)
A23: Lunch Break
A24: Making Tea/Coffee for Clients
A25: Merge a Client Services Agreement
A26: Newspaper/Magazine rotation
A27: NOK/VOI Follow Ups
A28: Opening a file
A29: Other
A30: PNC Follow Ups
A31: Printing/Scanning/Copying
A32: Put away stock order
A33: Reception phone call | B33: For calls, explain nature of call (e.g. PNC, obtaining verbal authority, obtain info to open a file etc.)
A34: Rounds
A35: Softlog admin/exceptions (Maddy)
A36: Taking a payment
A37: Time out (E.g. coffee/bathroom break)
A38: Will Execution
A39: Writing up/costing post
